model_name,original_name,pathogen,name,n_compounds,n_positives,n_added_negatives,n_added_decoys,auroc_mean,auroc_std,auprc_mean,auprc_std,baseline_auprc_mean,baseline_auprc_std,bedroc_mean,bedroc_std,baseline_bedroc_mean,baseline_bedroc_std,w1,w2,w3,w4,w5,w6,w_screen,final_weight,final_normalized_weight,decision_cutoff_rank,screening_auc,sensitivity_at_cutoff,portfolio,model_size_total_mb,oof_auc_cddd_mean,oof_auc_cddd_std,oof_auc_chemeleon_mean,oof_auc_chemeleon_std,oof_auc_clamp_mean,oof_auc_clamp_std,oof_auc_morgan_mean,oof_auc_morgan_std,oof_auc_rdkit_mean,oof_auc_rdkit_std
chembl_single_point_0,SP_0000,mtuberculosis,SP_0000,87159,1640,0,0,0.9167,0.0099,0.396,0.028,0.0188,0.0,0.5813,0.0187,0.06,0.0,1.0,0.7222,0.6922,0.76,0.9287,0.5356,0.0,0.6627,3.6906,0.65,0.59,0.1299,RF;XGB,62.764,0.9072,0.0014,0.8965,0.0048,,,,,0.9068,0.0025
chembl_single_point_1,SP_0008,mtuberculosis,SP_0008,1032,516,419,0,0.9818,0.0039,0.9851,0.0034,0.5,0.0017,0.9999,0.0,0.5,0.0017,0.188,0.9392,0.539,0.5555,0.2509,0.3387,0.9203,0.5331,2.9689,0.65,0.9761,0.8333,LR;RF;SVC;XGB,6.051,,,0.9798,0.0025,0.974,0.0024,,,0.9774,0.003
chembl_single_point_2,SP_0007,mtuberculosis,SP_0007,918,459,192,0,0.8833,0.0133,0.893,0.0134,0.5,0.0019,0.9832,0.0141,0.5,0.0019,0.5817,0.6109,0.4367,0.5368,0.2272,0.3197,0.674,0.4839,2.6949,0.65,0.9022,0.573,LR;RF;SVC;XGB,5.879,,,0.8731,0.0106,0.8632,0.0059,0.8578,0.0112,,
chembl_single_point_3,SP_0003,mtuberculosis,SP_0003,834,417,201,0,0.9293,0.0252,0.9261,0.0308,0.5,0.003,0.9801,0.0215,0.5,0.003,0.518,0.7644,0.4734,0.5335,0.2039,0.3057,0.871,0.5243,2.9199,0.65,0.9613,0.8513,LR;RF;SVC;XGB,5.945,,,0.926,0.0075,0.926,0.0134,0.9195,0.0047,0.9258,0.0107
chembl_single_point_4,SP_0001,mtuberculosis,SP_0001,690,107,0,0,0.9229,0.0252,0.7472,0.0705,0.1551,0.0039,0.8277,0.0662,0.1624,0.0036,1.0,0.7431,0.5626,0.6247,0.1639,0.0712,0.8583,0.5748,3.2011,0.65,0.9575,0.7009,LR;RF;SVC;XGB,8.014,,,0.8886,0.0066,0.9187,0.0134,,,0.892,0.0096
chembl_single_point_5,SP_0002,mtuberculosis,SP_0002,565,271,0,0,0.8812,0.0223,0.8852,0.0245,0.4797,0.0039,0.9913,0.006,0.4797,0.0039,1.0,0.6041,0.4366,0.5509,0.1292,0.257,0.2047,0.4546,2.5317,0.65,0.7614,0.524,LR;RF;SVC;XGB,10.463,,,0.8693,0.0135,0.8762,0.0082,0.8728,0.0103,0.8536,0.0226
chembl_single_point_6,SP_0009,mtuberculosis,SP_0009,437,203,0,0,0.8411,0.0514,0.8107,0.0676,0.4645,0.0049,0.8963,0.0751,0.4645,0.0049,1.0,0.4704,0.3646,0.4548,0.0936,0.1913,0.2023,0.3967,2.2092,0.65,0.7607,0.4335,LR;RF;SVC;XGB,4.06,,,0.8463,0.0213,0.8336,0.0156,0.826,0.0396,0.8504,0.0249
chembl_single_point_7,SP_0004,mtuberculosis,SP_0004,328,139,0,0,0.9022,0.0457,0.8763,0.0623,0.4238,0.0055,0.9651,0.0338,0.4238,0.0054,1.0,0.6741,0.452,0.5406,0.0633,0.1113,0.7617,0.5147,2.8664,0.65,0.9285,0.7626,LR;RF;SVC;XGB,2.812,,,0.8916,0.0143,,,0.888,0.014,0.8898,0.029
chembl_single_point_8,SP_0005,mtuberculosis,SP_0005,308,154,15,0,0.8483,0.0425,0.8659,0.0383,0.5,0.0058,0.9834,0.0098,0.5,0.0058,0.9026,0.4944,0.4065,0.5371,0.0578,0.13,0.429,0.4225,2.3529,0.65,0.8287,0.5909,LR;RF;SVC;XGB,5.254,,,0.802,0.0061,0.8233,0.0133,0.8139,0.0125,,
chembl_single_point_9,SP_0006,mtuberculosis,SP_0006,209,102,0,0,0.8589,0.0629,0.8754,0.0567,0.488,0.0119,0.989,0.0175,0.488,0.0119,1.0,0.5297,0.4224,0.5463,0.0303,0.065,0.271,0.4092,2.2789,0.65,0.7813,0.5294,LR;RF;SVC;XGB,3.709,,,0.8531,0.0196,0.8754,0.0218,0.8819,0.0169,0.8556,
chembl_dose_response_00,DR_0000,mtuberculosis,DR_0000,10659,3889,0,0,0.9343,0.0045,0.898,0.0125,0.3648,0.0001,0.971,0.0119,0.3651,0.0001,1.0,0.7809,0.5009,0.5694,0.5037,0.6605,0.7757,0.6844,3.8115,0.65,0.9327,0.7596,RF;XGB,33.935,,,0.9269,0.003,0.9202,0.0025,0.9302,0.0022,,
chembl_dose_response_01,DR_0001,mtuberculosis,DR_0001,7523,2297,0,0,0.9287,0.0048,0.8773,0.0149,0.3053,0.0003,0.9609,0.0146,0.306,0.0003,1.0,0.7625,0.5158,0.5907,0.4312,0.5721,0.7033,0.6537,3.6405,0.65,0.911,0.7314,RF;XGB,27.79,,,0.9236,0.0016,0.9151,0.002,0.9248,0.0023,,
chembl_dose_response_02,DR_0002,mtuberculosis,DR_0002,6045,2286,0,0,0.9124,0.0208,0.8827,0.0271,0.3782,0.0004,0.9706,0.0159,0.3784,0.0004,1.0,0.7081,0.4798,0.5633,0.3901,0.5714,0.7087,0.6316,3.5174,0.65,0.9126,0.7677,RF;XGB,27.033,,,0.9063,0.0064,0.903,0.004,0.9064,0.0061,,
chembl_dose_response_03,DR_0004,mtuberculosis,DR_0004,3629,1603,0,0,0.8837,0.014,0.868,0.0189,0.4417,0.0006,0.9639,0.0215,0.4418,0.0006,1.0,0.6122,0.4354,0.5333,0.323,0.5335,0.5283,0.5665,3.1549,0.65,0.8585,0.6039,LR;RF;SVC;XGB,15.46,,,0.8831,0.0033,0.8739,0.0046,0.883,0.0043,,
chembl_dose_response_04,DR_0003,mtuberculosis,DR_0003,3082,250,0,0,0.9303,0.0291,0.7009,0.0377,0.0811,0.0001,0.788,0.024,0.1011,0.0001,1.0,0.7677,0.7617,0.7598,0.3078,0.25,0.3523,0.5999,3.3409,0.65,0.8057,0.516,LR;RF;SVC;XGB,8.299,,,0.9129,0.0086,0.8887,0.0136,0.8886,0.0051,0.9149,0.0102
chembl_dose_response_05,DR_0012,mtuberculosis,DR_0012,2450,1225,1039,0,0.9263,0.0072,0.9283,0.0096,0.5,0.0,0.9857,0.0131,0.5,0.0,0.1518,0.7544,0.4759,0.5397,0.2903,0.5125,0.5593,0.4691,2.6124,0.65,0.8678,0.3535,LR;RF;SVC;XGB,13.645,,,0.9127,0.0045,0.9097,0.0027,0.8978,0.0049,,
chembl_dose_response_06,DR_0005,mtuberculosis,DR_0005,1561,633,0,0,0.8756,0.0212,0.8532,0.0262,0.4055,0.0017,0.971,0.011,0.4057,0.0016,1.0,0.5853,0.4378,0.553,0.2656,0.3777,0.588,0.5439,3.029,0.65,0.8764,0.6082,LR;RF;SVC;XGB,11.288,,,0.8735,0.0083,0.8704,0.0104,,,0.8687,0.0099
chembl_dose_response_07,DR_0006,mtuberculosis,DR_0006,1542,660,0,0,0.8642,0.0134,0.8335,0.0249,0.428,0.0008,0.9507,0.0301,0.4281,0.0007,1.0,0.5473,0.4071,0.5248,0.2651,0.3867,0.526,0.5224,2.9093,0.65,0.8578,0.5924,LR;RF;SVC;XGB,12.126,,,0.8588,0.0075,0.8527,0.004,0.8558,0.0087,,
chembl_dose_response_08,DR_0013,mtuberculosis,DR_0013,772,386,277,0,0.9183,0.0141,0.93,0.016,0.5,0.0023,0.986,0.028,0.5,0.0023,0.2824,0.7278,0.4778,0.54,0.1867,0.2953,0.6433,0.4505,2.5089,0.65,0.893,0.6373,LR;RF;SVC;XGB,6.786,,,0.9036,0.0098,0.9025,0.0084,0.9085,0.0057,,
chembl_dose_response_09,DR_0007,mtuberculosis,DR_0007,659,323,0,0,0.9181,0.0179,0.9196,0.0236,0.4901,0.0034,0.9807,0.0232,0.4901,0.0034,1.0,0.7269,0.4699,0.5367,0.1553,0.2743,0.304,0.4953,2.7583,0.65,0.7912,0.5139,LR;RF;SVC;XGB,15.012,,,0.8967,0.0035,0.8879,0.0092,0.9119,0.0046,0.8933,
chembl_dose_response_10,DR_0009,mtuberculosis,DR_0009,618,306,0,0,0.874,0.0217,0.8696,0.024,0.4951,0.0034,0.9611,0.0388,0.4951,0.0034,1.0,0.5799,0.4128,0.5138,0.1439,0.2687,0.3687,0.4697,2.6158,0.65,0.8106,0.4771,LR;RF;SVC;XGB,13.889,,,0.8399,0.0091,,,0.8477,0.0108,0.8381,0.0094
chembl_dose_response_11,DR_0008,mtuberculosis,DR_0008,492,115,0,0,0.9808,0.0153,0.937,0.0531,0.2337,0.0013,0.9559,0.0607,0.236,0.0013,1.0,0.936,0.6261,0.6406,0.1089,0.0813,0.9647,0.6225,3.4667,0.65,0.9894,0.9739,LR;RF;SVC;XGB,4.594,,,0.9787,0.0049,0.98,0.0044,,,0.9802,
chembl_dose_response_12,DR_0010,mtuberculosis,DR_0010,451,218,0,0,0.8288,0.0185,0.8488,0.0218,0.4834,0.0056,0.9762,0.0213,0.4834,0.0056,1.0,0.4293,0.3957,0.5336,0.0975,0.21,0.0293,0.3851,2.1446,0.65,0.7088,0.3716,LR;RF;SVC;XGB,12.097,,,0.8086,0.0193,0.7944,0.0171,0.823,0.013,,
chembl_dose_response_13,DR_0011,mtuberculosis,DR_0011,293,102,0,0,0.8308,0.0424,0.789,0.0318,0.3481,0.0075,0.9639,0.017,0.3484,0.0075,1.0,0.4359,0.4085,0.5704,0.0536,0.065,0.3383,0.4102,2.2844,0.65,0.8015,0.4412,LR;RF;SVC;XGB,5.318,,,0.7939,0.0154,0.8025,0.005,0.7973,0.0293,0.8262,0.0079
chembl_dose_response_14,DR_0014,mtuberculosis,DR_0014,174,85,0,0,0.7766,0.0528,0.7777,0.0769,0.4886,0.0064,0.9029,0.1658,0.4886,0.0064,1.0,0.2553,0.3156,0.4522,0.0206,0.0437,0.0,0.2982,1.6607,0.65,0.6481,0.1765,LR;RF;SVC;XGB,5.152,,,0.7852,0.0138,0.7986,0.0477,0.7739,0.034,0.7923,0.0153
pubchem_0,449762_merged3,mtuberculosis,449762_merged3,329692,3700,0,0,0.9614,0.0041,0.448,0.0208,0.0112,0.0,0.731,0.0165,0.0558,0.0,1.0,0.8713,0.7209,0.8576,1.0,0.65,0.572,0.8103,4.5126,0.65,0.8716,0.2478,RF;XGB,188.281,,,0.8324,0.002,0.9572,0.0014,,,0.8225,0.0028
pubchem_1,504645_merged2,mtuberculosis,504645_merged2,144,72,32,0,0.8767,0.0242,0.8689,0.0362,0.5,0.0172,0.9369,0.0653,0.5,0.0172,0.5556,0.5889,0.4099,0.4854,0.0122,0.0275,0.515,0.3706,2.0639,0.65,0.8545,0.4028,LR;RF;SVC;XGB,3.163,0.7205,0.027,0.7633,0.0422,0.8927,0.0069,0.7653,,,
pubchem_aid1949,1949,mtuberculosis,1949,97510,1594,0,0,0.9527,0.0061,0.4802,0.0249,0.0164,0.0,0.7153,0.0206,0.0586,0.0,1.0,0.8422,0.7358,0.8488,0.9862,0.533,0.63,0.7966,4.4363,0.65,0.889,0.3055,RF;XGB,63.665,0.8816,0.0049,0.8935,0.0061,0.9636,0.002,,,,
pubchem_aid2842,2842,mtuberculosis,2842,23462,1248,0,0,0.9438,0.0093,0.6139,0.028,0.0532,0.0001,0.7352,0.0146,0.0812,0.0001,1.0,0.8126,0.7961,0.8032,0.5748,0.5138,0.6817,0.7403,4.1228,0.65,0.9045,0.6282,RF;XGB,18.722,,,0.9196,0.0033,0.9515,0.0014,0.9189,,,
pubchem_aid449764,449764,mtuberculosis,449764,3464,1732,1202,0,0.9059,0.0079,0.8898,0.0096,0.5,0.0007,0.9485,0.0203,0.5,0.0007,0.306,0.6862,0.4331,0.4983,0.3184,0.5407,0.522,0.4721,2.6291,0.65,0.8566,0.2546,LR;RF;SVC;XGB,20.02,,,0.7565,0.002,0.9158,0.0028,,,0.759,0.0047
pubchem_aid492952,492952,mtuberculosis,492952,2906,1453,612,0,0.9278,0.0101,0.9316,0.0109,0.5,0.0009,0.9905,0.0082,0.5,0.0009,0.5788,0.7595,0.4795,0.545,0.3029,0.5252,0.6923,0.5547,3.0891,0.65,0.9077,0.2622,LR;RF;SVC;XGB,16.284,,,0.8342,0.0065,0.9346,0.0046,0.8271,0.0059,,
pubchem_aid1259417,1259417,mtuberculosis,1259417,1512,756,407,0,0.8771,0.0219,0.8678,0.0275,0.5,0.0012,0.9499,0.0323,0.5,0.0011,0.4616,0.5902,0.4086,0.4999,0.2642,0.4187,0.781,0.4892,2.7244,0.65,0.9343,0.5026,LR;RF;SVC;XGB,9.281,,,0.8268,0.0044,0.8809,0.0072,,,,
pubchem_aid1332,1332,mtuberculosis,1332,1092,166,0,0,0.9547,0.0194,0.8299,0.06,0.152,0.0018,0.89,0.0456,0.1597,0.0016,1.0,0.849,0.6474,0.6887,0.2526,0.145,0.6187,0.6002,3.3425,0.65,0.8856,0.3795,LR;RF;SVC;XGB,5.811,,,0.8792,0.0051,0.9695,0.0024,,,0.8883,0.0095
pubchem_aid743175,743175,mtuberculosis,743175,106,24,0,0,0.879,0.0383,0.6749,0.0882,0.2264,0.0206,0.6804,0.1967,0.229,0.0196,1.0,0.5965,0.3999,0.4023,0.0017,0.0,0.0,0.3429,1.9096,0.65,0.4819,0.0417,LR;RF;SVC;XGB,2.78,,,0.8826,0.0139,0.8515,,0.8979,,0.8889,0.0153
